{"0.05": {"average": 2.4794071417011048, "std": 1.2997347202996312}, "0.07": {"average": 3.394150810577033, "std": 2.3479387680295702}, "0.09": {"average": 7.400057838070505, "std": 5.355057347189834}, "0.11": {"average": 14.353598737608916, "std": 8.048308681632022}, "0.13": {"average": 23.6498212385094, "std": 8.527523867977452}, "0.15": {"average": 32.03908638002101, "std": 7.385858548379216}, "0.17": {"average": 35.54003056417799, "std": 6.806713794248285}, "0.19": {"average": 39.436532692016435, "std": 6.071710181091873}, "0.21": {"average": 41.458879648582, "std": 5.629498287628402}, "0.23": {"average": 41.55784349363605, "std": 5.147468982531822}, "0.25": {"average": 41.93385432811663, "std": 4.914852164598935}, "0.27": {"average": 42.80412035555873, "std": 5.00128440866112}, "0.29": {"average": 42.1038770341003, "std": 4.307566293984377}, "0.31": {"average": 41.586879839935214, "std": 3.6194098166157103}, "0.33": {"average": 41.087675993495075, "std": 3.9348315542041172}, "0.35": {"average": 40.38463721230285, "std": 3.20588769307021}, "0.37": {"average": 39.88025159127272, "std": 3.5898932279213445}, "0.39": {"average": 38.38310424786814, "std": 3.1181845124390537}, "0.41": {"average": 37.75200378026642, "std": 3.2001079486982262}, "0.43": {"average": 37.11992203359528, "std": 3.3364559652782924}, "0.45": {"average": 35.50867266593652, "std": 3.0734267117253125}, "0.47": {"average": 34.969062497442636, "std": 3.2137863211426643}, "0.49": {"average": 34.217563553900995, "std": 3.3185912054013356}, "0.51": {"average": 33.07769233149829, "std": 3.2473970137523187}, "0.53": {"average": 32.449384479720344, "std": 3.2514079741397888}, "0.55": {"average": 31.79420507418337, "std": 3.2820463700699567}, "0.57": {"average": 30.665466301188122, "std": 3.193821166028608}, "0.59": {"average": 29.92788861776953, "std": 3.253474775002073}, "0.61": {"average": 29.278056504596748, "std": 3.219606802401942}, "0.63": {"average": 28.489181916595744, "std": 3.2273764499464748}, "0.65": {"average": 27.805719385121805, "std": 3.202910040719333}, "0.67": {"average": 27.146095072267, "std": 3.1815104347591507}, "0.69": {"average": 26.501944781326117, "std": 3.279191828140194}, "0.71": {"average": 25.897682593000898, "std": 3.2597263570626835}, "0.73": {"average": 25.186621493055135, "std": 3.4190723247062085}, "0.75": {"average": 24.753306789489034, "std": 3.0524983301799735}, "0.77": {"average": 24.097969459058287, "std": 3.1849904447556407}, "0.79": {"average": 23.585818642901874, "std": 3.209540878884345}, "0.81": {"average": 22.98637964819675, "std": 3.075422596770753}, "0.83": {"average": 22.54106937542019, "std": 3.186993184405905}, "0.85": {"average": 22.0263454723595, "std": 3.075392233238628}, "0.87": {"average": 21.529635564721243, "std": 3.13431551159091}, "0.89": {"average": 21.107983894343526, "std": 3.0528397062251904}, "0.91": {"average": 20.66679654663386, "std": 3.140410596352887}, "0.93": {"average": 20.238278026871782, "std": 3.185200554121684}, "0.95": {"average": 19.85009706311104, "std": 3.113857662497904}, "0.97": {"average": 19.467771351227377, "std": 3.05442645058948}, "0.99": {"average": 19.0824205246068, "std": 3.0172820338370863}, "1.01": {"average": 18.724377218801344, "std": 3.0939176127294843}, "1.03": {"average": 18.366986501369475, "std": 3.0078336804531034}, "1.05": {"average": 17.95861986741229, "std": 2.976047980243836}, "1.07": {"average": 17.68517107779131, "std": 3.10930250688974}, "1.09": {"average": 17.348162670056848, "std": 2.949193440316675}, "1.11": {"average": 17.01612745941684, "std": 3.031715252362356}, "1.13": {"average": 16.733116651386556, "std": 2.905179246532811}, "1.15": {"average": 16.426892213964095, "std": 2.9793700714579328}, "1.17": {"average": 16.132017132433315, "std": 2.862505297167552}, "1.19": {"average": 15.840518179761833, "std": 2.9488356549711594}, "1.21": {"average": 15.601016395699114, "std": 2.940252369344713}, "1.23": {"average": 15.345599258057659, "std": 2.956972409038523}, "1.25": {"average": 15.085297327137807, "std": 2.9955190298860055}, "1.27": {"average": 14.85734232925295, "std": 2.8410938209833536}, "1.29": {"average": 14.59552821848033, "std": 2.810128134908075}, "1.31": {"average": 14.369957936246324, "std": 2.835680666866025}, "1.33": {"average": 14.172973448024706, "std": 2.698110716461787}, "1.35": {"average": 13.938305672335058, "std": 2.842192022796114}, "1.37": {"average": 13.682074633557614, "std": 2.7223703559314827}, "1.39": {"average": 13.509805686122437, "std": 2.6509951611264024}, "1.41": {"average": 13.293687050275283, "std": 2.7702227872594816}, "1.43": {"average": 13.081173170760415, "std": 2.8186975830957395}, "1.45": {"average": 12.894968994090664, "std": 2.6690111944738963}, "1.47": {"average": 12.722673139157843, "std": 2.705353993125162}}