{"0.05": {"average": 2.525841697704248, "std": 1.3372956510349676}, "0.07": {"average": 3.6917795333235826, "std": 2.715515138444017}, "0.09": {"average": 7.926160920044182, "std": 5.8484639521564645}, "0.11": {"average": 20.691006401940125, "std": 11.053548554123726}, "0.13": {"average": 36.406684028222855, "std": 9.613615801831548}, "0.15": {"average": 48.495449771082804, "std": 6.45357478381897}, "0.17": {"average": 52.720454688902294, "std": 5.455911854393534}, "0.19": {"average": 53.58781087019803, "std": 4.925660645435377}, "0.21": {"average": 54.23502420823608, "std": 4.309958758753601}, "0.23": {"average": 53.959466877646115, "std": 4.615133178602104}, "0.25": {"average": 52.426328588677386, "std": 4.363903871639348}, "0.27": {"average": 51.69779042829211, "std": 3.8797171442835303}, "0.29": {"average": 49.72106168259999, "std": 3.7085937986313966}, "0.31": {"average": 48.49857930071299, "std": 3.8217266492422803}, "0.33": {"average": 46.8261681508514, "std": 3.962177856062778}, "0.35": {"average": 45.144438345233205, "std": 3.5675811039502454}, "0.37": {"average": 43.79071760245361, "std": 3.5925496442850986}, "0.39": {"average": 42.02077947738806, "std": 3.6137763850781246}, "0.41": {"average": 41.12496228697772, "std": 3.719569998593624}, "0.43": {"average": 39.42280478732493, "std": 3.583559165171107}, "0.45": {"average": 38.55783777904855, "std": 3.630782875646048}, "0.47": {"average": 37.04506095420711, "std": 3.6074915819364666}, "0.49": {"average": 36.16056938805173, "std": 3.4652037872961334}, "0.51": {"average": 35.05799351107701, "std": 3.484812523557223}, "0.53": {"average": 33.73895781086875, "std": 3.7525854124193287}, "0.55": {"average": 32.72025076801553, "std": 3.5495320982639833}, "0.57": {"average": 31.86956791061593, "std": 3.3827978405256105}, "0.59": {"average": 31.038166123564388, "std": 3.5166995904875753}, "0.61": {"average": 30.09677395817001, "std": 3.48016535309582}, "0.63": {"average": 29.151599310694618, "std": 3.3996555900828573}, "0.65": {"average": 28.428925002364657, "std": 3.4338303012527533}, "0.67": {"average": 27.67890385065365, "std": 3.4207569606756656}, "0.69": {"average": 26.965965497299756, "std": 3.2943492437893003}, "0.71": {"average": 26.22147318094884, "std": 3.3367500033503217}, "0.73": {"average": 25.578856205049618, "std": 3.447049065209994}, "0.75": {"average": 25.062378877264937, "std": 3.340073227381954}, "0.77": {"average": 24.37154025521916, "std": 3.253762116660743}, "0.79": {"average": 23.744905163321253, "std": 3.2221024875357203}, "0.81": {"average": 23.218148029477135, "std": 3.2330791884446026}, "0.83": {"average": 22.689999772393396, "std": 3.371205399007445}, "0.85": {"average": 22.20990317696196, "std": 3.2114392001484}, "0.87": {"average": 21.63345071536396, "std": 3.16898957436173}, "0.89": {"average": 21.200899318083238, "std": 3.230812161282297}, "0.91": {"average": 20.775305960385364, "std": 3.0920818442560933}, "0.93": {"average": 20.33620357663515, "std": 3.09724779402659}, "0.95": {"average": 19.918534809472572, "std": 3.088425924146724}, "0.97": {"average": 19.48250798603228, "std": 3.133078582774122}, "0.99": {"average": 19.03414242259879, "std": 3.1241297934046783}}