{"1": {"monitoring_time": [9399.0, 10594.40672590642, 9808.0, 9665.650944281882, 10042.943675527516, 10456.548512835838, 11140.89014790334, 10641.343030430684, 10421.000000000002, 10433.0], "diversity": [5.862927522613768, 5.138786969259672, 5.718275810571566, 5.629752477900203, 5.102448268682251, 5.201460257961827, 5.231281012564608, 4.83944403688328, 5.332757801599016, 5.358925827659755], "nb_of_changes": [1303, 1240, 1281, 1284, 1276, 1271, 1280, 1278, 1290, 1328]}}