{"0.1": [19876.200000000183, 0.014594464360476333, 1037], "0.15": [29816.399999999878, 0.015201120590040203, 1023], "0.2": [39749.80000000053, 0.01713457139223284, 1050], "0.25": [49684.0, 0.01961787967357532, 1063], "0.3": [59619.0000000008, 0.02232166836836708, 1069], "0.35": [69553.75000000096, 0.025217013698109993, 1076], "0.4": [79493.60000000101, 0.028251663562116187, 1065], "0.45": [89433.90000000126, 0.03131153584342074, 1057], "0.5": [99371.5, 0.03445588110168103, 1056], "0.55": [109307.00000000102, 0.037783317002571384, 1059], "0.6": [119242.20000000158, 0.040948497816578604, 1062], "0.65": [129166.69999999758, 0.044216294919735194, 1081], "0.7": [139125.00000000428, 0.047469985643339666, 1049], "0.75": [149040.75, 0.05071260767566956, 1078], "0.8": [158977.599999997, 0.05405804672076112, 1077], "0.85": [168923.04999999877, 0.057303629790078435, 1066], "0.9": [178851.59999999747, 0.06060553998481839, 1075], "0.95": [188800.1500000007, 0.06393375468156662, 1062], "1.0": [198736.0, 0.06720693357616662, 1063], "1.05": [208670.69999999844, 0.07055855277335653, 1065], "1.1": [218590.89999999647, 0.07381148854243386, 1080], "1.15": [228553.29999999644, 0.07709729128958404, 1057], "1.2": [238485.60000000233, 0.08040096719892924, 1062], "1.25": [248412.50000000003, 0.0837774233294332, 1069], "1.3": [258339.8999999947, 0.08708848556892548, 1077], "1.35": [268294.9499999938, 0.09038379673635909, 1062], "1.4": [278252.8000000067, 0.09369496856598189, 1048], "1.45": [288165.75000000594, 0.09698858061469595, 1064], "1.5": [298066.50000000006, 0.10031000980720904, 1088], "1.55": [308040.79999999475, 0.1035968220140075, 1063], "1.6": [317971.1999999976, 0.10688843276792254, 1068], "1.65": [327916.0499999996, 0.11024878917033012, 1062], "1.7": [337842.7000000022, 0.11355067203507564, 1068], "1.75": [347840.50000000006, 0.11690551665285319, 1033], "1.8": [357715.8000000004, 0.1201961637161203, 1069], "1.85": [367641.24999999296, 0.12349238840419317, 1075], "1.9": [377621.2000000075, 0.12686789820419464, 1052], "1.95": [387543.0000000077, 0.130132421911308, 1059], "2.0": [397490.0, 0.13346016061926064, 1054], "2.05": [407392.4000000021, 0.1367751862354509, 1071], "2.1": [417356.09999999066, 0.14013459966040961, 1058], "2.15": [427284.55000000884, 0.1434142898677154, 1062], "2.2": [437212.5999999953, 0.14675033980941973, 1066], "2.25": [447140.25, 0.15008161402279258, 1070], "2.3": [457138.8000000041, 0.15342133689369133, 1043], "2.35": [467046.0499999905, 0.15672611977448292, 1057], "2.4": [477055.20000000903, 0.1600386649809288, 1026], "2.45": [486890.9500000079, 0.16337933238793764, 1069], "2.5": [496865.00000000006, 0.16669127334899372, 1054], "2.55": [506779.35000000446, 0.17002329036240013, 1063], "2.6": [516718.7999999968, 0.17330962208556094, 1062], "2.65": [526671.6000000101, 0.17666006128665437, 1055], "2.7": [536557.5000000088, 0.17997363956351817, 1074], "2.75": [546601.0000000001, 0.18329916159771806, 1036], "2.8": [556460.8000000103, 0.18662382953281645, 1064], "2.85": [566403.2999999814, 0.18994674392387567, 1061], "2.9": [576366.3000000166, 0.19329006674607813, 1052], "2.95": [586247.5999999867, 0.1966355254965132, 1072], "3.0": [596223.0000000001, 0.1999308391374769, 1058], "3.05": [606123.4499999916, 0.20325837723093446, 1071], "3.1": [616134.2999999915, 0.20657419690577575, 1047], "3.15": [625986.9000000049, 0.20991785735345314, 1073], "3.2": [635948.8000000061, 0.21325646153384875, 1066], "3.25": [645875.7500000001, 0.2165691059555042, 1068], "3.3": [655789.2000000131, 0.2199022679156202, 1075], "3.35": [665768.9499999827, 0.22321457543043724, 1065], "3.4": [675685.4000000022, 0.22654942023786726, 1068], "3.45": [685666.7999999967, 0.22990247810521247, 1055], "3.5": [695579.5000000001, 0.23322450478539553, 1062], "3.55": [705519.9000000146, 0.2365351593464783, 1063], "3.6": [715438.8000000019, 0.23986555468917803, 1067], "3.65": [725346.2500000014, 0.24321829576883983, 1079], "3.7": [735360.1999999989, 0.24651311714609575, 1055], "3.75": [745327.5000000001, 0.2498470364625822, 1047], "3.8": [755170.2000000018, 0.25317781122674327, 1071], "3.85": [765206.7500000013, 0.25650269197829123, 1044], "3.9": [775136.6999999976, 0.25983415084309125, 1046], "3.95": [785137.5499999808, 0.263160624108714, 1032], "4.0": [794956.0, 0.2664819000445106, 1060], "4.05": [804856.5000000021, 0.26981881815428876, 1069], "4.1": [814899.6000000051, 0.27314694719510735, 1043], "4.15": [824816.6500000199, 0.27646036890247505, 1048], "4.2": [834703.7999999964, 0.27980620249806976, 1062], "4.25": [844713.0, 0.28313069705864496, 1044], "4.3": [854633.6000000035, 0.286457824155669, 1047], "4.35": [864532.050000007, 0.28978010926841674, 1057], "4.4": [874508.7999999908, 0.29312256564033745, 1048], "4.45": [884375.1999999953, 0.2964586578050637, 1064], "4.5": [894303.0, 0.2997742004631552, 1065], "4.55": [904339.8000000176, 0.30310624968314903, 1045], "4.6": [914337.4000000112, 0.30643797562437214, 1030], "4.65": [924140.9999999923, 0.3097713294444476, 1061], "4.7": [934167.2999999935, 0.3131062989525165, 1044], "4.75": [944214.5, 0.3164187486630424, 1019], "4.8": [954028.8000000088, 0.31976220657357046, 1044], "4.85": [963913.2500000066, 0.3230781289127006, 1056], "4.9": [973865.2000000189, 0.32641169124207836, 1051], "4.95": [983866.9499999784, 0.32974867106371414, 1040], "5.0": [993815.0, 0.33306660714980807, 1036], "5.05": [1003717.8000000176, 0.33639441442852236, 1043], "5.1": [1013645.3999999795, 0.3397267680926029, 1047], "5.15": [1023516.149999994, 0.34305125435131134, 1058], "5.2": [1033411.5999999811, 0.3463823935304372, 1066], "5.25": [1043406.0, 0.3497145301989803, 1057], "5.3": [1053359.100000022, 0.35304021405177066, 1052], "5.35": [1063435.549999979, 0.3563657787550074, 1026], "5.4": [1073222.999999982, 0.35970259420396755, 1055], "5.45": [1083171.149999958, 0.363030040393643, 1054], "5.5": [1093108.5, 0.36635653402411933, 1053], "5.55": [1103062.5000000328, 0.3696938565786001, 1051], "5.6": [1112983.2000000083, 0.37301998260736235, 1052], "5.65": [1122954.4499999764, 0.37634304489002096, 1046], "5.7": [1132926.2999999707, 0.379677644615606, 1040], "5.75": [1142841.25, 0.3830131507120914, 1047], "5.8": [1152732.6000000264, 0.3863327912571385, 1052], "5.85": [1162552.949999992, 0.3896658299803235, 1073], "5.9": [1172583.7000000102, 0.392995628521285, 1058], "5.95": [1182699.3499999763, 0.39632147723670885, 1028], "6.0": [1192530.0, 0.399663399046956, 1046], "6.05": [1202522.2000000216, 0.40298475590883603, 1037], "6.1": [1212490.9000000227, 0.40631039842676153, 1032], "6.15": [1222337.0999999945, 0.40964428945281073, 1047], "6.2": [1232373.9999999828, 0.4129726458278447, 1029], "6.25": [1242131.25, 0.41630316275876056, 1058], "6.3": [1252370.7000000374, 0.419632299989166, 1011], "6.35": [1262183.150000022, 0.4229656612158987, 1032], "6.4": [1272108.7999999924, 0.4262954023056412, 1032], "6.45": [1281982.6499999885, 0.4296285192888023, 1042], "6.5": [1291836.0, 0.4329528461871103, 1055], "6.55": [1301943.5000000189, 0.436279428580111, 1031], "6.6": [1311809.4000000253, 0.4396074089976971, 1040], "6.65": [1321787.249999995, 0.44293994117840013, 1036], "6.7": [1331819.299999962, 0.4462724419771196, 1023], "6.75": [1341522.0, 0.44959701139358077, 1056], "6.8": [1351615.6000000376, 0.45292734439558147, 1033], "6.85": [1361355.3000000059, 0.45625486372780466, 1061], "6.9": [1371499.199999973, 0.4595981903365571, 1035], "6.95": [1381312.499999988, 0.4629142234736902, 1050], "7.0": [1391334.0, 0.46624177783942855, 1037], "7.05": [1401455.40000001, 0.46957585436800536, 1013], "7.1": [1411139.2000000097, 0.4729106611064358, 1050], "7.15": [1421205.5000000044, 0.4762371775643563, 1030], "7.2": [1431215.9999999937, 0.479566745044329, 1022], "7.25": [1440981.0, 0.48289386032602244, 1044], "7.3": [1450977.1999999967, 0.4862293966376797, 1037], "7.35": [1460922.7499999988, 0.48955808720401456, 1037], "7.4": [1470786.999999995, 0.4928824212131156, 1044],