{"0.05": {"average": 2.3662589852383578, "std": 1.2437186613294609}, "0.07": {"average": 3.4933855511229783, "std": 2.591035996804159}, "0.09": {"average": 6.189233283456758, "std": 5.011198669279377}, "0.11": {"average": 12.91300658160955, "std": 7.258185437255989}, "0.13": {"average": 23.296853064973195, "std": 7.0786686782949415}, "0.15": {"average": 32.53163911502818, "std": 7.180029856259901}, "0.17": {"average": 36.63656751512342, "std": 6.524869338732648}, "0.19": {"average": 39.603276153282174, "std": 6.703851739502978}, "0.21": {"average": 42.985280662850705, "std": 5.236127209090362}, "0.23": {"average": 42.84637789514012, "std": 4.463104497579544}, "0.25": {"average": 42.41382255293816, "std": 4.830409008209259}, "0.27": {"average": 43.887378726917035, "std": 4.114741232123699}, "0.29": {"average": 44.28207538345684, "std": 3.6205741579668986}, "0.31": {"average": 42.973461940538805, "std": 3.158804176940968}, "0.33": {"average": 41.37242798923013, "std": 3.5026426494302436}, "0.35": {"average": 41.95965216069228, "std": 3.2123746548788326}, "0.37": {"average": 41.40236372867661, "std": 2.47391500667389}, "0.39": {"average": 40.01490088040729, "std": 2.429706325467821}, "0.41": {"average": 39.54497086127419, "std": 2.15749260357534}, "0.43": {"average": 38.04702576851024, "std": 2.2433044727822593}, "0.45": {"average": 37.1885813372661, "std": 2.03377955863244}, "0.47": {"average": 36.2289050973932, "std": 1.8984894788765365}, "0.49": {"average": 35.65722461563753, "std": 1.8088403081693873}, "0.51": {"average": 34.25898083743628, "std": 1.757210323158651}, "0.53": {"average": 33.44442586709325, "std": 1.7047701956074868}, "0.55": {"average": 32.5866193737587, "std": 1.6620540176083207}, "0.57": {"average": 31.725820016083155, "std": 1.5993030087272873}, "0.59": {"average": 31.09902525054585, "std": 1.5165203886642074}, "0.61": {"average": 30.425167785558013, "std": 1.5019783228941441}, "0.63": {"average": 29.692259251935965, "std": 1.5622406403447031}, "0.65": {"average": 29.070023079335915, "std": 1.4592619158306672}, "0.67": {"average": 28.274768715922516, "std": 1.4580336558944567}, "0.69": {"average": 27.714980733117162, "std": 1.446624499264934}, "0.71": {"average": 27.188707739965118, "std": 1.4372632701482322}, "0.73": {"average": 26.385248654114022, "std": 1.4399754311555433}, "0.75": {"average": 25.744964280652393, "std": 1.4208142604855012}, "0.77": {"average": 25.148477283982558, "std": 1.4290039475481866}, "0.79": {"average": 24.614128968870812, "std": 1.408849669499829}, "0.81": {"average": 24.05992780183467, "std": 1.419028212116792}, "0.83": {"average": 23.50219398731745, "std": 1.4067448761005072}, "0.85": {"average": 23.044705743774397, "std": 1.404386631895898}, "0.87": {"average": 22.564164221017712, "std": 1.412457581945031}, "0.89": {"average": 22.164527275415352, "std": 1.4277467644031683}, "0.91": {"average": 21.648779266410077, "std": 1.445097506870548}, "0.93": {"average": 21.228104478544093, "std": 1.4026062145798421}, "0.95": {"average": 20.821380575748744, "std": 1.4189420117792637}, "0.97": {"average": 20.393851846974325, "std": 1.3904145356308646}, "0.99": {"average": 19.97721288415015, "std": 1.397430247428363}, "1.01": {"average": 19.62998806033807, "std": 1.373047826900932}, "1.03": {"average": 19.267528180218253, "std": 1.3944973016358604}, "1.05": {"average": 18.9035722831782, "std": 1.4116837878255435}, "1.07": {"average": 18.58522412529424, "std": 1.420672594919361}, "1.09": {"average": 18.256577892026517, "std": 1.405409700582531}, "1.11": {"average": 17.92041452935433, "std": 1.4099796448419635}, "1.13": {"average": 17.61813208630217, "std": 1.4235830506948726}, "1.15": {"average": 17.311551941476406, "std": 1.417963414293375}, "1.17": {"average": 17.032078008968742, "std": 1.4449933327665296}, "1.19": {"average": 16.74265256799772, "std": 1.4159779957156944}, "1.21": {"average": 16.47674966235415, "std": 1.4257846619074301}, "1.23": {"average": 16.223988867021962, "std": 1.3918309706353482}, "1.25": {"average": 15.953138417437179, "std": 1.3884609168819462}, "1.27": {"average": 15.715805263898307, "std": 1.4170827611036008}, "1.29": {"average": 15.4670649561484, "std": 1.3780763843219976}, "1.31": {"average": 15.239283676423948, "std": 1.4036200837808432}, "1.33": {"average": 15.01190380703774, "std": 1.4363623204405505}, "1.35": {"average": 14.802056000711186, "std": 1.4270578739184687}, "1.37": {"average": 14.571660912049001, "std": 1.3983213631117823}, "1.39": {"average": 14.368122680716361, "std": 1.4082587134069546}, "1.41": {"average": 14.164555334479509, "std": 1.4081038694044876}, "1.43": {"average": 13.969695610297517, "std": 1.4054946237083328}, "1.45": {"average": 13.773861672466442, "std": 1.4044578870917426}, "1.47": {"average": 13.596189684552112, "std": 1.3897352520266677}}