{"0.05": 0.9199977470394228, "0.07": 2.1523729901347917, "0.09": 4.768294884044928, "0.11": 11.530812107592528, "0.13": 23.18986656501013, "0.15": 35.06067539808735, "0.17": 41.53202823553813, "0.19": 47.27122720316663, "0.21": 54.446854335960076, "0.23": 56.11511489677415, "0.25": 57.52578502993454, "0.27": 63.38114315509081, "0.29": 67.53442129290246, "0.31": 67.17355501004685, "0.33": 66.26842498718965, "0.35": 72.29982941078657, "0.37": 74.42656965768231, "0.39": 73.72886602694908, "0.41": 76.69120646843925, "0.43": 75.18108550765064, "0.45": 76.1051925027704, "0.47": 76.54066321054435, "0.49": 79.50279018272262, "0.51": 76.34715862643046, "0.53": 77.08417077816999, "0.55": 76.98565166426646, "0.57": 77.20879342488043, "0.59": 78.92791514177725, "0.61": 80.50997157725247, "0.63": 81.54186574698534, "0.65": 83.20123849172823, "0.67": 81.64090668434065, "0.69": 84.06567399650697, "0.71": 87.13243732408934, "0.73": 83.57541250245369, "0.75": 82.69354294149318, "0.77": 83.04715352501808, "0.79": 83.50219997209015, "0.81": 83.99099999626084, "0.83": 82.40387088599427, "0.85": 84.2789817664315, "0.87": 83.8846358357493, "0.89": 88.15886708789029, "0.91": 84.90996484066416, "0.93": 85.24195890404872, "0.95": 86.76425813750348, "0.97": 85.30152420936618, "0.99": 83.24161708434585, "1.01": 85.44222182387506, "1.03": 85.5832709844192, "1.05": 84.91137876512693, "1.07": 88.16167311598892, "1.09": 87.00165273554967, "1.11": 84.79293589754009, "1.13": 86.56451850188917, "1.15": 87.58255320638295, "1.17": 86.71086745342753, "1.19": 84.47922348054038, "1.21": 85.28274415686815, "1.23": 87.17736107252937, "1.25": 84.92428406710383, "1.27": 86.95072583747428, "1.29": 84.66633739525847, "1.31": 86.22488972620019, "1.33": 86.528123690814, "1.35": 87.71098545843692, "1.37": 85.5354785137535, "1.39": 86.8893757208409, "1.41": 83.3078309006883, "1.43": 87.6082851888346, "1.45": 87.94903989519428, "1.47": 87.42844928533586}