{"0.05": {"average": 2.632725350300225, "std": 1.4297355219730086}, "0.07": {"average": 3.663334808967472, "std": 2.5227358749532844}, "0.09": {"average": 6.935025166880722, "std": 4.983594957194916}, "0.11": {"average": 21.675233392589217, "std": 9.954810489862927}, "0.13": {"average": 36.75883864422937, "std": 10.436855150246355}, "0.15": {"average": 48.62702830953779, "std": 6.7919097863076}, "0.17": {"average": 53.95859497039328, "std": 6.625522878442261}, "0.19": {"average": 55.05091695345964, "std": 5.706065019213357}, "0.21": {"average": 56.04182031111551, "std": 4.269108552355511}, "0.23": {"average": 55.19988188909409, "std": 4.413377993364499}, "0.25": {"average": 54.215923586006625, "std": 3.4831290590082693}, "0.27": {"average": 53.71081956552285, "std": 2.8348029837727977}, "0.29": {"average": 53.00667550389174, "std": 2.597379206872203}, "0.31": {"average": 50.768996366641176, "std": 2.3576183858146447}, "0.33": {"average": 49.06717630335609, "std": 2.458637833958969}, "0.35": {"average": 47.46532122397856, "std": 2.204513689360915}, "0.37": {"average": 45.59081035084234, "std": 2.05365964700641}, "0.39": {"average": 44.04492228132722, "std": 1.7052094005519531}, "0.41": {"average": 42.581574362685984, "std": 1.7863156421287503}, "0.43": {"average": 41.01639362657698, "std": 1.64441765957112}, "0.45": {"average": 40.17044223692772, "std": 1.6407709573197513}, "0.47": {"average": 38.76028211754217, "std": 1.6421361191374912}, "0.49": {"average": 37.53759520328173, "std": 1.5806284821410628}, "0.51": {"average": 36.33245110487994, "std": 1.539480644308585}, "0.53": {"average": 35.309919743188104, "std": 1.5662054713521}, "0.55": {"average": 34.16404177651384, "std": 1.464093479875612}, "0.57": {"average": 33.184393767501405, "std": 1.473621418126193}, "0.59": {"average": 32.223904711979436, "std": 1.475120082686673}, "0.61": {"average": 31.435342224298097, "std": 1.4502583754897054}, "0.63": {"average": 30.55948944797724, "std": 1.439557966140036}, "0.65": {"average": 29.645433553284768, "std": 1.46320188034525}, "0.67": {"average": 29.0422986210719, "std": 1.4523422264956614}, "0.69": {"average": 28.17090515251255, "std": 1.4292660502238734}, "0.71": {"average": 27.402795490050345, "std": 1.4130227751032516}, "0.73": {"average": 26.7636926345106, "std": 1.4172319611626005}, "0.75": {"average": 26.07230233748238, "std": 1.4338173924628412}, "0.77": {"average": 25.48071421586133, "std": 1.408722123352733}, "0.79": {"average": 24.88847236121453, "std": 1.4495451471118013}, "0.81": {"average": 24.307391585716303, "std": 1.4145013645845677}, "0.83": {"average": 23.75435097479644, "std": 1.423332556794981}, "0.85": {"average": 23.244986564062412, "std": 1.4094643008430907}, "0.87": {"average": 22.710066481786924, "std": 1.4247778688951014}, "0.89": {"average": 22.20875390924771, "std": 1.4097280470548579}, "0.91": {"average": 21.766025042786012, "std": 1.4100220715261957}, "0.93": {"average": 21.30929996200607, "std": 1.4183301966797826}, "0.95": {"average": 20.8765355536393, "std": 1.4092310949309836}, "0.97": {"average": 20.46057845593019, "std": 1.407496444152411}, "0.99": {"average": 20.077759588355157, "std": 1.4242888177299649}}