{"1": {"0.1": [19940.099999998623, 0.9272723211169055], "0.2": [39880.19999999725, 0.9908547796278977], "0.3": [59820.300000002695, 1.027119747703733], "0.4": [79760.3999999945, 1.0563547907084814], "0.5": [99700.5, 1.082956200573001], "0.6": [119640.60000000536, 1.1084345410912377], "0.7": [139580.7000000111, 1.1334651058640373], "0.8": [159520.79999998902, 1.1583708223510147], "0.9": [179460.89999999385, 1.1833617476493812], "1.0": [199401.0, 1.208593507952915], "1.1": [219341.1000000065, 1.234120522184673], "1.2": [239281.2000000108, 1.259962726831955], "1.3": [259221.29999998925, 1.2862077635576714], "1.4": [279161.4000000222, 1.3128927266705164], "1.5": [299101.5, 1.3400353059937857], "1.6": [319041.599999978, 1.3676505391108125], "1.7": [338981.70000001206, 1.3957586163986238], "1.8": [358921.7999999878, 1.4243808191170582], "1.9": [378861.9000000219, 1.4536223026918251], "2.0": [398802.0, 1.4832868081761303], "2.1": [418742.0999999783, 1.5136248199427285], "2.2": [438682.200000013, 1.544527835626116], "2.3": [458622.2999999869, 1.5758637925022951], "2.4": [478562.40000002156, 1.6080802812103598], "2.5": [498502.5, 1.64082480575125], "2.6": [518442.59999997844, 1.674210945056436], "2.7": [538382.6999999556, 1.7081045717595718], "2.8": [558322.8000000443, 1.7429254087467096], "2.9": [578262.9000000225, 1.7783796449317553], "3.0": [598203.0, 1.8144630755429811], "3.1": [618143.0999999768, 1.8512555659560455], "3.2": [638083.199999956, 1.8888233469086786], "3.3": [658023.3000000438, 1.9271349613735909], "3.4": [677963.4000000239, 1.9661628332608965], "3.5": [697903.5, 2.0060296285383092], "3.6": [717843.5999999754, 2.0466465293830174], "3.7": [737783.6999999564, 2.0881378094922702], "3.8": [757723.8000000436, 2.1304751437185265], "3.9": [777663.900000025, 2.173641434596642], "4.0": [797604.0, 2.2173948661213694], "4.1": [817544.0999999747, 2.262508487242383], "4.2": [837484.1999999566, 2.308376166554199], "4.3": [857424.3000000434, 2.3549325995087926], "4.4": [877364.400000026, 2.4027157774872188], "4.5": [897304.5, 2.4512748693756783], "4.6": [917244.5999999738, 2.5007131530222075], "4.7": [937184.6999999569, 2.5513971087052734], "4.8": [957124.8000000434, 2.6030993547346055], "4.9": [977064.9000000267, 2.6561378754975675], "5.0": [997005.0, 2.709407368656746], "5.1": [1016945.0999999733, 2.7640637065031375], "5.2": [1036885.1999999569, 2.8200324292065044], "5.3": [1056825.3000000431, 2.877095170403531], "5.4": [1076765.3999999112, 2.9350475299847174], "5.5": [1096705.5, 2.9945877440027515], "5.6": [1116645.6000000886, 3.0550136621724415], "5.7": [1136585.6999999552, 3.116837852822051], "5.8": [1156525.800000045, 3.1800586218778957], "5.9": [1176465.8999999117, 3.2440270119699295], "6.0": [1196406.0, 3.309620717500572], "6.1": [1216346.100000088, 3.3763922297246745], "6.2": [1236286.1999999536, 3.4449504582863875], "6.3": [1256226.3000000466, 3.5142615002968], "6.4": [1276166.399999912, 3.5852498461341495], "6.5": [1296106.5, 3.6574388652569176], "6.6": [1316046.6000000876, 3.7316927662005157], "6.7": [1335986.699999952, 3.806829802737752], "6.8": [1355926.800000048, 3.8837252701945784], "6.9": [1375866.8999999121, 3.9602327385995], "7.0": [1395807.0, 4.042157855655978], "7.1": [1415747.1000000874, 4.123902917010021], "7.2": [1435687.199999951, 4.206996237480848], "7.3": [1455627.300000049, 4.292050171471034], "7.4": [1475567.3999999126, 4.378727550828535], "7.5": [1495507.5, 4.467097118957876], "7.6": [1515447.6000000872, 4.557361283164785], "7.7": [1535387.69999995, 4.649383112003279], "7.8": [1555327.80000005, 4.743517246731508], "7.9": [1575267.8999999128, 4.838904199953857], "8.0": [1595208.0, 4.936047298260734], "8.1": [1615148.100000087, 5.032503943385725], "8.2": [1635088.199999949, 5.137949139004322], "8.3": [1655028.300000051, 5.24100502481884], "8.4": [1674968.399999913, 5.347704696436995], "8.5": [1694908.5, 5.454881861950147], "8.6": [1714848.6000000867, 5.565208841736069], "8.7": [1734788.699999948, 5.678348516029984], "8.8": [1754728.8000000517, 5.792438279937817], "8.9": [1774668.8999999133, 5.90908793216854], "9.0": [1794609.0, 6.028476378239389], "9.1": [1814549.1000000865, 6.150704194957363], "9.2": [1834489.1999999476, 6.2736304553615625], "9.3": [1854429.3000000524, 6.400584723447257], "9.4": [1874369.3999999135, 6.529380304379214], "9.5": [1894309.5, 6.661898968423965], "9.6": [1914249.6000000865, 6.795918494463215], "9.7": [1934189.6999999469, 6.933100208247148], "9.8": [1954129.800000053, 7.074247198865838], "9.9": [1974069.8999999135, 7.215427345881191], "10.0": [1994010.0, 7.3607567443225665], "10.1": [2013950.1000000862, 7.507806978547288], "10.2": [2033890.1999999464, 7.66038998026248], "10.3": [2053830.3000000536, 7.816166234835441], "10.4": [2073770.3999999138, 7.972488095396112], "10.5": [2093710.5, 8.133593467100846], "10.6": [2113650.6000000862, 8.297668414866495], "10.7": [2133590.700000178, 8.465048534266776], "10.8": [2153530.7999998224, 8.634909695768176], "10.9": [2173470.8999999124, 8.808850261905581], "11.0": [2193411.0, 8.987513841646933], "11.1": [2213351.1000000886, 9.16790847261391], "11.2": [2233291.200000177, 9.353069412648713], "11.3": [2253231.299999823, 9.541843438894437], "11.4": [2273171.3999999105, 9.734123210862597], "11.5": [2293111.5, 9.929780838404488], "11.6": [2313051.60000009, 10.13232374664891], "11.7": [2332991.7000001767, 10.334329131324779], "11.8": [2352931.7999998233, 10.542545610089473], "11.9": [2372871.8999999086, 10.754481931623912], "12.0": [2392812.0, 10.97053127643646]}, "2": {"0.1": [19938.49999999964, 0.49620258269996], "0.2": [39879.79999999943, 0.518939294608876], "0.3": [59819.69999999979, 0.5385595800964549], "0.4": [79759.6000000009, 0.5568216312881499], "0.5": [99699.5, 0.5747970020739976], "0.6": [119639.39999999823, 0.5928506541974518], "0.7": [139579.29999999664, 0.6111534956793939], "0.8": [159519.20000000382, 0.6297869848277989], "0.9": [179459.09999998938, 0.6488056463948226]}}