{"2.5": {"10": {"num_D": 204337.7670196956, "num_Q": 2.7115687983394827, "num_tau": 2.0575542187642606, "ana_D": 250913.28146526986, "ana_Q": 1.9447009968459312, "ana_tau": 2.5265406799374146}, "50": {"num_D": 227413.61867682397, "num_Q": 2.5070863197606337, "num_tau": 2.333428607689645, "ana_D": 248087.63597271353, "ana_Q": 1.5804985029637817, "ana_tau": 2.544932305865774}, "100": {"num_D": 214103.4507752408, "num_Q": 2.5847658370470317, "num_tau": 2.278253729904568, "ana_D": 239437.41106507636, "ana_Q": 1.6483064970131638, "ana_tau": 2.544932305865774}, "150": {"num_D": 178498.0483961288, "num_Q": 2.7801892362877947, "num_tau": 1.9564002761582855, "ana_D": 236370.76763650755, "ana_Q": 1.807453894963962, "ana_tau": 2.544932305865774}}}